rank,disease_name,total_cases,annual_avg_cases,peak_weekly_cases,incidence_rate_per_100k,trend_slope,trend_pvalue,trend_r_value,mann_kendall_tau,mann_kendall_pvalue,cagr,trend_direction,outbreak_threshold,outbreak_frequency,avg_outbreak_duration,outbreak_intensity,mean_cases,std_dev,coefficient_variation,iqr,total_cases_score,annual_avg_cases_score,peak_weekly_cases_score,incidence_rate_per_100k_score,cagr_score,outbreak_frequency_score,outbreak_intensity_score,coefficient_variation_score,volume_score,trend_score,outbreak_score,variability_score,composite_burden_score,non_zero_weeks,sufficient_data,trend_reliable,outbreak_detectable,volume_criterion,trend_criterion,outbreak_criterion,variability_criterion,composite_score,tier
1,Dengue Fever,126642,14071.333333333334,1791,2221.789473684211,0.39383474858491685,0.00001285486727251086,0.1997306797181471,0.03369952690596429,0.27557573518126466,28.679520984292317,Increasing,805.0849041252487,2,8.0,6.244755244755245,269.45106382978724,267.81692014773074,99.39352858406646,292.0,53.79658381795088,53.79658381795089,100.0,53.7965838179509,98.71113273673322,25.0,2.0022430399788895,3.2752577600461428,65.34743786346317,98.71113273673322,13.501121519989445,3.2752577600461428,54.00827129757339,470,true,true,true,53.79658381795089,98.71113273673322,13.501121519989445,3.2752577600461428,49.387929679368476,Medium
2,"Hand, Foot and Mouth Disease",235409,26156.555555555555,1682,4129.98245614035,-1.2468230739512898,4.2480702259750136e-27,-0.4691560866167122,-0.24974848150640003,2.1970798141167135e-15,-100.0,Decreasing,1222.7854874490147,2,5.0,2.9803343166175025,500.87021276595743,360.9576373415285,72.06610178477389,509.0,100.0,100.0,93.91401451702959,100.0,0.0,25.0,0.46242184746108617,1.9974389175857308,98.4785036292574,0.0,12.731210923730544,1.9974389175857308,42.237259474086926,365,true,true,true,100.0,0.0,12.731210923730544,1.9974389175857308,42.845858022383965,Medium
3,Dengue Haemorrhagic Fever,366,40.666666666666664,8,6.421052631578948,0.0004748102362753058,0.20594029786929335,0.05844697717958308,0.039906718295578375,0.26093127139403016,7.368033137422003,Stable,2.985491891435895,8,2.625,,0.7787234042553192,1.103384243590288,141.69141925886214,1.0,0.155474089775667,0.15547408977566704,0.44667783361250696,0.15547408977566707,82.36291283679681,100.0,,5.253089119637734,0.228275025734877,82.36291283679681,50.0,5.253089119637734,31.470001587438816,220,true,false,true,0.155474089775667,82.36291283679681,50.0,5.253089119637734,31.440881213055132,Low
4,Acute Viral hepatitis C,183,20.333333333333332,24,3.210526315789474,0.00009853352639354933,0.8217534453758274,0.010419329478755256,0.08233286862316404,0.02515746881933956,30.35968427946831,Stable,2.9582369233109906,3,2.0,,0.3893617021276596,1.2844376105916662,329.88288359458096,1.0,0.0777370448878335,0.07773704488783352,1.3400335008375208,0.07773704488783353,100.0,37.5,,14.052841869304723,0.39331115887525536,100.0,18.75,14.052841869304723,31.01525074394581,119,true,false,true,0.0777370448878335,100.0,18.75,14.052841869304723,30.88902109835084,Low
5,Measles,673,74.77777777777777,17,11.807017543859649,-0.00010387622327920846,0.8885446106922286,-0.00648858931491251,-0.04997211195319001,0.1462135806543731,-13.62448686303127,Stable,5.774476954300636,7,3.142857142857143,10.285714285714286,1.4349680170575694,2.169754468621533,151.20577203320934,2.0,0.28588541644542054,0.28588541644542054,0.9491903964265773,0.28588541644542054,66.25937582956612,87.5,3.908355795148248,5.697976204622664,0.45171166144070973,66.25937582956612,45.70417789757413,5.697976204622664,26.74106063217604,260,true,false,true,0.28588541644542054,66.25937582956612,45.70417789757413,5.697976204622664,26.674730134177924,Low
6,Salmonellosis(non-enteric fevers),16497,1833.0,80,289.42105263157896,0.004128294696729116,0.23889554766554824,0.05443030191343077,0.04761583152829873,0.12833066547461722,0.6021866416712873,Stable,55.70291655508251,2,2.0,2.1714285714285713,35.1,10.30145827754125,29.348883981599005,14.0,7.007803439970434,7.007803439970435,4.46677833612507,7.007803439970436,77.17277561519545,25.0,0.08086253369272223,0.0,6.372547164009093,77.17277561519545,12.540431266846362,0.0,24.35029902277177,466,true,false,true,7.007803439970434,77.17277561519545,12.540431266846362,0.0,24.604401533156306,Low
7,Malaria,515,57.22222222222222,9,9.035087719298245,-0.004849525435375154,2.0897957329221986e-27,-0.4716470291883586,-0.35332729249361766,3.540779630474731e-24,-26.074912267353444,Decreasing,3.8888087209861917,7,2.7142857142857144,5.714285714285714,1.0957446808510638,1.3965320200675642,127.45049503529226,2.0,0.21876818643297408,0.2187681864329741,0.5025125628140703,0.2187681864329741,56.708550761878286,87.5,1.752021563342318,4.587189566028844,0.28970428052824815,56.708550761878286,44.62601078167116,4.587189566028844,23.906299993919433,273,true,true,true,0.21876818643297408,56.708550761878286,44.62601078167116,4.587189566028844,23.87792555628132,Low
8,Acute Viral hepatitis B,547,60.77777777777778,10,9.596491228070175,-0.001577518868014486,0.00019961552053869843,-0.17076083867878541,-0.12310882155358803,0.00038870512285601376,-4.470959178042189,Decreasing,3.6733172966210765,3,2.0,6.333333333333333,1.1638297872340426,1.2547437546935176,107.81162060437902,2.0,0.23236154947346957,0.2323615494734696,0.5583472920156337,0.2323615494734696,73.28112318618408,37.5,2.0440251572327046,3.668884158906334,0.31385798510901064,73.28112318618408,19.77201257861635,3.668884158906334,22.950559130148843,308,true,true,true,0.2323615494734696,73.28112318618408,19.77201257861635,3.668884158906334,22.917960555894627,Low
9,Melioidosis,385,42.77777777777778,4,6.75438596491228,0.0004221627039911279,0.18100198523757596,0.06180798478624844,0.054466950423284616,0.1240388242578675,2.3336988791750057,Stable,2.6745339060787834,2,2.0,3.5,0.8191489361702128,0.9276924849542855,113.25077089052316,1.0,0.1635451490809612,0.16354514908096124,0.22333891680625348,0.1635451490809612,78.50103307997394,25.0,0.7075471698113207,3.923216510563712,0.1784935910122843,78.50103307997394,12.85377358490566,3.923216510563712,22.855892899964086,255,true,false,true,0.16354514908096124,78.50103307997394,12.85377358490566,3.923216510563712,22.849913523191557,Low
10,Paratyphoid,198,22.0,4,3.473684210526316,-0.001581044114413316,1.3990147457834438e-10,-0.29032313582560443,-0.21878924111885617,2.450642282649839e-9,-19.74324846394502,Decreasing,1.9005930806873226,5,2.6,,0.42127659574468085,0.7396582424713212,175.57544139470755,1.0,0.08410893381306576,0.08410893381306578,0.22333891680625348,0.08410893381306579,61.56562282246601,62.5,,6.837491568559482,0.11891642956136271,61.56562282246601,31.25,6.837491568559482,22.714596012724968,148,true,true,true,0.08410893381306578,61.56562282246601,31.25,6.837491568559482,22.700673014425654,Low
11,Legionellosis,205,22.77777777777778,5,3.5964912280701755,-0.0005264175319172052,0.0254163309183243,-0.10309326971098773,-0.08281429023206016,0.02395451416006716,-8.153899898059858,Decreasing,1.823241513088664,3,2.0,,0.43617021276595747,0.6935356501613533,159.0057344272371,1.0,0.08708248197817416,0.08708248197817417,0.27917364600781686,0.08708248197817417,70.45590867268304,37.5,,6.062699125326976,0.13510527298558483,70.45590867268304,18.75,6.062699125326976,22.32742414616404,162,true,true,true,0.08708248197817417,70.45590867268304,18.75,6.062699125326976,22.308215029761076,Low
12,Rubella,199,22.11111111111111,5,3.491228070175439,-0.0025644722778379605,1.2388164950945257e-26,-0.46535885434621893,-0.38366376300769994,7.618018906926e-26,-40.68105239111125,Decreasing,1.9203593829315952,7,3.0,,0.42340425531914894,0.7484775638062233,176.77610803463566,1.0,0.08453372640808125,0.08453372640808125,0.27917364600781686,0.08453372640808127,45.504058970961694,87.5,,6.893634229457707,0.13319370630801514,45.504058970961694,43.75,6.893634229457707,21.213337359682285,142,true,true,true,0.08453372640808125,45.504058970961694,43.75,6.893634229457707,21.19387336772231,Low
13,Typhoid,537,59.666666666666664,11,9.421052631578947,-0.0018030190556905137,0.000019064982248951157,-0.19582609157822095,-0.18769396288488904,6.626811042586873e-8,-12.285542771025126,Decreasing,3.6436385612914526,2,2.0,7.5,1.1425531914893616,1.2505426849010448,109.45159439543598,2.0,0.22811362352331474,0.22811362352331474,0.6141820212171971,0.22811362352331477,67.28649099895827,25.0,2.5943396226415096,3.7455686351559634,0.32463072294678536,67.28649099895827,13.797169811320755,3.7455686351559634,20.272744296455826,306,true,true,true,0.22811362352331474,67.28649099895827,13.797169811320755,3.7455686351559634,20.234137456686437,Low
14,Pertussis,457,50.77777777777778,9,8.017543859649122,0.00156341788241916,0.0002826917698296318,0.16674029076146601,0.1340688514908405,0.00012516646786501812,-9.507285751558026,Increasing,3.51936582471181,1,3.0,5.0,0.9723404255319149,1.2735126995899482,130.97395378715,2.0,0.19413021592207605,0.19413021592207608,0.5025125628140703,0.19413021592207605,69.41771510771801,12.5,1.4150943396226416,4.751944997150241,0.2712258026450746,69.41771510771801,6.9575471698113205,4.751944997150241,19.56722028152233,240,true,true,true,0.19413021592207608,69.41771510771801,6.9575471698113205,4.751944997150241,19.53638204683313,Low
15,Mumps,4213,468.1111111111111,19,73.91228070175438,-0.007441910729780907,1.0955218579723776e-10,-0.2919304133947009,-0.2080965197157924,8.458860272336266e-11,-7.524644113973878,Decreasing,15.888576120603801,0,0.0,,8.963829787234042,3.462373166684879,38.62604767011377,4.0,1.7896512028002327,1.789651202800233,1.0608598548297041,1.789651202800233,70.93861602777065,0.0,,0.433796224314855,1.6074533658076007,70.93861602777065,0.0,0.433796224314855,18.44270478691293,469,true,true,true,1.7896512028002327,70.93861602777065,0.0,0.433796224314855,18.515583921709982,Low
16,Pneumococcal Disease (invasive),1203,133.66666666666666,11,21.105263157894736,-0.003534781901384988,7.503738444655405e-9,-0.26258387510355985,-0.19516347353962976,4.466965022600757e-9,-15.301821953830231,Decreasing,6.216308087954524,0,0.0,,2.5595744680851062,1.8283668099347095,71.4324522584633,3.0,0.5110254918036269,0.5110254918036269,0.6141820212171971,0.5110254918036269,64.97267810544227,0.0,,1.9678097355122564,0.5368146241570194,64.97267810544227,0.0,1.9678097355122564,16.753066836350214,412,true,true,true,0.5110254918036269,64.97267810544227,0.0,1.9678097355122564,16.742751183408856,Low
17,Encephalitis,161,17.88888888888889,5,2.8245614035087723,-0.0020102573112021076,4.198437204477185e-20,-0.4062502932011471,-0.3677160071808801,1.4576071962752418e-23,-100.0,Decreasing,1.6867309901988157,3,2.3333333333333335,,0.3425531914893617,0.6720888993547269,196.19986502901966,1.0,0.06839160779749287,0.06839160779749288,0.27917364600781686,0.0683916077974929,0.0,37.5,,7.8018808368345365,0.12108711735007388,0.0,18.75,7.8018808368345365,4.96871697246521,119,true,true,true,0.06839160779749287,0.0,18.75,7.8018808368345365,4.947638768644178,Low
18,Campylobacterenterosis,2138,237.55555555555554,20,37.50877192982456,-0.00003712177968561254,0.9899950039687766,-0.0007799333566029273,-0.014557580409636218,0.7355768373179887,,Stable,15.377477446739388,0,0.0,,8.191570881226054,3.5929532827566666,43.861590589311966,4.0,0.9082065681431041,0.9082065681431042,1.1166945840312674,0.9082065681431043,,0.0,,0.678607982179845,0.960328572115145,0.0,0.0,0.678607982179845,0.4859226261730347,260,true,false,true,0.9082065681431042,,0.0,0.678607982179845,,Low
19,Viral Hepatitis E,409,45.44444444444444,9,7.175438596491229,0.0011453756386633465,0.34485939322252235,0.05870104587634421,0.03629623473415489,0.4268338815147683,,Stable,4.512911647459201,0,0.0,,1.5670498084291187,1.472930919515041,93.99388019399161,2.0,0.17374017136133282,0.17374017136133282,0.5025125628140703,0.17374017136133288,,0.0,,3.022772500231001,0.2559332692245172,0.0,0.0,3.022772500231001,0.555789182724457,190,true,false,true,0.17374017136133282,,0.0,3.022772500231001,,Low
20,Viral Hepatitis A,377,41.888888888888886,7,6.614035087719298,-0.005281416837089383,5.532043343246402e-6,-0.27704284968149046,-0.2243744059290639,9.969968034045886e-7,,Decreasing,4.3225967482255845,0,0.0,,1.4444444444444444,1.4390761518905701,99.62834897703947,2.0,0.16014680832083733,0.16014680832083736,0.3908431044109436,0.16014680832083736,,0.0,,3.2862378616465846,0.21782088234336391,0.0,0.0,3.2862378616465846,0.5800640321843332,179,true,true,true,0.16014680832083733,,0.0,3.2862378616465846,,Low
21,Leptospirosis,162,18.0,4,2.8421052631578947,-0.0013394500236605501,0.1868156869013031,-0.09166771280437332,-0.08514324332457508,0.11164540058831196,,Stable,2.5425091633850743,0,0.0,,0.7751196172248804,0.8836947730800967,114.0075355393458,1.0,0.06881640039250836,0.06881640039250836,0.22333891680625348,0.06881640039250836,,0.0,,3.958602503349485,0.10744702949594465,0.0,0.0,3.958602503349485,0.6367691873008006,112,true,false,true,0.06881640039250836,,0.0,3.958602503349485,,Low
22,Campylobacter enteritis,1914,212.66666666666666,21,33.578947368421055,0.007062674167937325,0.10446587624917454,0.11262310349115716,0.06504672887445956,0.1774670873865838,,Stable,16.743038964572094,1,2.0,2.0,9.157894736842104,3.792572113864995,41.41314377208903,4.0,0.8130530268596358,0.8130530268596358,1.1725293132328307,0.813053026859636,,12.5,0.0,0.5641196514347531,0.9029220984529346,0.0,6.25,0.5641196514347531,1.6957867870963867,209,true,false,true,0.8130530268596358,,6.25,0.5641196514347531,,Low
23,Acute Viral Hepatitis E,216,24.0,7,3.789473684210526,-0.004028865870971134,0.0021399949346580702,-0.21122758237465267,-0.13580016096476577,0.009625828607056285,,Decreasing,3.340528676107412,1,2.0,4.0,1.0334928229665072,1.153517926570453,111.61354011723364,2.0,0.09175520052334447,0.09175520052334449,0.3908431044109436,0.09175520052334449,,12.5,0.9433962264150944,3.846660296657047,0.16652717649524426,0.0,6.721698113207547,3.846660296657047,1.9879495377381642,125,true,true,true,0.09175520052334449,,6.721698113207547,3.846660296657047,,Low
24,Acute Viral Hepatitis A,248,27.555555555555557,7,4.350877192982456,-0.006326568168673432,7.705855088074647e-6,-0.30389093309646725,-0.2660622878288574,3.3818389238880523e-7,,Decreasing,3.7047007794855724,2,2.0,5.0,1.186602870813397,1.2590489543360879,106.10533526461386,2.0,0.10534856356383995,0.10534856356383997,0.3908431044109436,0.10534856356383998,,25.0,1.4150943396226416,3.5890989828713065,0.1767221987756159,0.0,13.20754716981132,3.5890989828713065,3.250563160903207,138,true,true,true,0.10534856356383995,,13.20754716981132,3.5890989828713065,,Low
25,Chikungunya,114,12.666666666666666,6,2.0,6.572374993427592e-6,0.9953502783655269,0.00040553530414880385,-0.043485182989218524,0.42419969152004133,,Stable,2.505724257167029,2,2.0,,0.5454545454545454,0.9801348558562418,179.69139024031102,1.0,0.04842635583176514,0.04842635583176514,0.3350083752093802,0.04842635583176515,,25.0,,7.0299515842112825,0.1200718606761689,0.0,12.5,7.0299515842112825,3.60252148190216,72,true,false,true,0.04842635583176514,,12.5,7.0299515842112825,,Low
26,Chikungunya Fever,1348,149.77777777777777,49,23.64912280701754,-0.03213598720311012,0.00010451578364395077,-0.23784372277185717,-0.1155896796562641,0.011047082819457313,,Decreasing,25.56381417496252,5,3.2,37.0,5.164750957854406,10.199531608554059,197.48351259885825,3.0,0.5726204180808719,0.572620418080872,2.735901730876605,0.572620418080872,,62.5,16.509433962264154,7.861903650686177,1.1134407462798053,0.0,39.50471698113208,7.861903650686177,9.525605242341264,157,true,true,true,0.572620418080872,,39.50471698113208,7.861903650686177,,Low
27,Meningococcal Infection,64,7.111111111111111,3,1.1228070175438598,0.00029762326154063085,0.018795495583468002,0.10834652692032361,0.08502891932018582,0.023835806145257637,,Increasing,0.8823622879546754,7,2.2857142857142856,,0.13617021276595745,0.373096037594359,273.9924026083574,0.0,0.027186726080990955,0.02718672608099096,0.1675041876046901,0.027186726080990965,,87.5,,11.439426773807305,0.062266091461915744,0.0,43.75,11.439426773807305,10.490820452655862,60,true,true,true,0.02718672608099096,,43.75,11.439426773807305,,Low
